# AI Teddy Bear ESP32 - Production Partition Table
# =================================================
# تقسيم متقدم يدعم OTA updates وحماية البيانات
# متطابق مع متطلبات السيرفر: ai-tiddy-bear-v-xuqy.onrender.com

# Name,       Type, SubType, Offset,   Size,     Flags
# NVS للبيانات المحلية مع تشفير
nvs,          data, nvs,     0x9000,   0x6000,   encrypted
# مفاتيح التشفير للـ NVS  
nvs_keys,     data, nvs_keys,0xF000,   0x1000,   
# OTA data partition
otadata,      data, ota,     0x10000,  0x2000,   
# Application partitions (OTA support)
app0,         app,  ota_0,   0x20000,  0x1A0000, 
app1,         app,  ota_1,   0x1C0000, 0x1A0000, 
# SPIFFS للملفات الثابتة (شهادات TLS، أصوات، إلخ)
spiffs,       data, spiffs,  0x360000, 0x080000, 
# مساحة مخصصة للبيانات الأمنية
secure_data,  data, 0x99,    0x3E0000, 0x020000,
